id,first_name,last_name,email,gender,ip_address
1,Tate,Goldson,tgoldson0@techcrunch.com,Female,243.128.79.43
2,Tessie,Alabastar,talabastar1@taobao.com,Female,186.23.168.3
3,Caril,Woodland,cwoodland2@economist.com,Female,209.186.107.51
4,Sigvard,Hamfleet,shamfleet3@unc.edu,Male,65.156.168.169
5,Lorettalorna,Kemwal,lkemwal4@mlb.com,Female,106.219.178.27
6,Granthem,Paoli,gpaoli5@51.la,Male,14.133.138.100
7,Cross,Atrill,catrill6@moonfruit.com,Male,89.224.204.47
8,Bea,Ralton,bralton7@foxnews.com,Female,235.61.204.20
9,Saunderson,Meth,smeth8@fotki.com,Male,149.110.253.214
10,Kimble,Harring,kharring9@pen.io,Male,2.71.140.23
11,Lambert,Whiffin,lwhiffina@hao123.com,Male,95.233.151.155
12,Maribel,Bergeon,mbergeonb@miibeian.gov.cn,Female,7.126.83.138
13,Vita,Baptist,vbaptistc@census.gov,Female,186.174.32.239
14,Kerry,Short,kshortd@pinterest.com,Male,241.96.246.83
15,Dunc,Madden,dmaddene@amazon.de,Male,196.99.244.34
16,Elden,Ginman,eginmanf@google.nl,Male,232.209.2.81
17,Carolann,Peatt,cpeattg@forbes.com,Female,247.180.222.156
18,Maxie,Entwisle,mentwisleh@360.cn,Male,79.24.120.19
19,Jaquelin,Borit,jboriti@github.com,Female,6.144.151.160
20,Cordula,Bucher,cbucherj@indiatimes.com,Female,185.120.245.242
21,Parry,Courage,pcouragek@wordpress.org,Male,79.159.235.216
22,Aryn,Chaulk,achaulkl@howstuffworks.com,Female,173.26.85.174
23,Lydon,Hyslop,lhyslopm@si.edu,Male,212.115.40.145
24,Georgie,Franceschi,gfranceschin@marketwatch.com,Female,144.88.184.164
25,Mozelle,Rothera,mrotherao@t-online.de,Female,106.244.66.204
26,Georgy,Baum,gbaump@digg.com,Male,151.56.27.101
27,Shaylyn,Lawtey,slawteyq@canalblog.com,Female,175.162.47.246
28,Cammy,Kovelmann,ckovelmannr@npr.org,Male,255.237.0.92
29,Maritsa,Brosetti,mbrosettis@sitemeter.com,Female,223.211.246.44
30,Maison,Rioch,mriocht@gnu.org,Male,64.23.61.202
31,Marcello,Rangeley,mrangeleyu@chron.com,Male,92.92.182.86
32,Van,Fancett,vfancettv@state.tx.us,Male,47.195.229.91
33,Livvie,Tine,ltinew@amazon.co.jp,Female,69.137.34.232
34,Durante,Lippitt,dlippittx@hud.gov,Male,235.209.20.140
35,Lauraine,Pleavin,lpleaviny@ovh.net,Female,160.16.156.58
36,Bettye,MacKinnon,bmackinnonz@ow.ly,Female,75.179.64.165
37,Rianon,Ramsdale,rramsdale10@rediff.com,Female,16.154.48.233
38,Arni,Grzeskowski,agrzeskowski11@mashable.com,Male,44.32.57.250
39,Anatol,Kittel,akittel12@youtu.be,Male,90.3.214.136
40,Clayborn,Goodhand,cgoodhand13@yahoo.co.jp,Male,57.142.191.109
41,Gina,O'Donnell,godonnell14@sciencedirect.com,Female,11.118.32.87
42,Mill,Dyter,mdyter15@slideshare.net,Male,212.246.242.16
43,Sheelagh,Britzius,sbritzius16@plala.or.jp,Female,106.202.59.129
44,Elton,Reith,ereith17@blogspot.com,Male,214.61.93.54
45,Raf,Guerreru,rguerreru18@vistaprint.com,Female,201.122.95.81
46,Terri,Cheson,tcheson19@umn.edu,Male,54.62.127.75
47,Rudyard,Myner,rmyner1a@desdev.cn,Male,159.101.75.67
48,Ortensia,Standall,ostandall1b@rediff.com,Female,208.253.32.255
49,Hart,Carriage,hcarriage1c@archive.org,Male,142.23.119.94
50,Mayne,Paragreen,mparagreen1d@cbc.ca,Male,52.100.172.138
51,Sherlock,Villalta,svillalta1e@dedecms.com,Male,62.68.213.28
52,Gustav,Stratford,gstratford1f@harvard.edu,Male,31.147.138.115
53,Georg,Alvarado,galvarado1g@goodreads.com,Male,137.152.58.4
54,Warde,Audus,waudus1h@youtu.be,Male,5.75.20.39
55,Cirillo,Weekes,cweekes1i@tripadvisor.com,Male,223.14.15.8
56,Marshall,Haward,mhaward1j@amazonaws.com,Male,149.17.113.23
57,Lydon,Mulqueen,lmulqueen1k@washington.edu,Male,219.59.131.110
58,Stevena,Fairholm,sfairholm1l@slashdot.org,Female,155.151.152.116
59,Adriaens,Bircher,abircher1m@networksolutions.com,Female,252.59.98.73
60,Alfy,Croal,acroal1n@amazonaws.com,Female,131.2.194.99
61,Genevra,Salmen,gsalmen1o@pinterest.com,Female,209.192.25.80
62,Adelind,Scholcroft,ascholcroft1p@wsj.com,Female,183.200.108.249
63,Ronny,Simioni,rsimioni1q@msn.com,Male,25.166.46.4
64,Celie,Dymoke,cdymoke1r@etsy.com,Female,24.194.239.176
65,Adelbert,Braizier,abraizier1s@booking.com,Male,70.62.176.192
66,Madlen,Salvadori,msalvadori1t@constantcontact.com,Female,74.86.71.186
67,Elga,Reede,ereede1u@qq.com,Female,174.86.144.109
68,Manuel,de Leon,mdeleon1v@huffingtonpost.com,Male,54.76.253.222
69,Engelbert,Shovell,eshovell1w@amazon.de,Male,107.132.65.42
70,Elbertine,Roscow,eroscow1x@nature.com,Female,31.134.129.77
71,Homer,Knevit,hknevit1y@shop-pro.jp,Male,66.227.150.142
72,Reinaldos,Gleder,rgleder1z@squidoo.com,Male,80.78.161.23
73,Minne,Frigout,mfrigout20@photobucket.com,Female,242.234.3.176
74,Martie,Ygou,mygou21@nba.com,Female,138.210.107.39
75,Fee,Cason,fcason22@vkontakte.ru,Male,166.177.89.150
76,Massimo,Stain,mstain23@berkeley.edu,Male,48.165.251.168
77,Thibaud,Smallpeace,tsmallpeace24@weebly.com,Male,126.213.158.111
78,Cymbre,Elcocks,celcocks25@google.com.au,Female,16.216.9.109
79,Ethelyn,Fairman,efairman26@1688.com,Female,199.41.149.235
80,Concordia,Erangy,cerangy27@globo.com,Female,235.75.126.22
81,Corrinne,Greenan,cgreenan28@mac.com,Female,239.4.142.147
82,Darline,Coveley,dcoveley29@nbcnews.com,Female,49.239.95.129
83,Glyn,Bunney,gbunney2a@wix.com,Female,239.115.41.98
84,Tomas,Bloxland,tbloxland2b@cam.ac.uk,Male,175.216.61.62
85,Brion,Randleson,brandleson2c@nhs.uk,Male,160.49.214.193
86,Craig,Pape,cpape2d@miitbeian.gov.cn,Male,41.150.147.51
87,Haleigh,Huison,hhuison2e@earthlink.net,Female,108.14.31.210
88,Estella,Satford,esatford2f@hhs.gov,Female,134.244.7.201
89,Melodee,Reoch,mreoch2g@dagondesign.com,Female,0.136.142.246
90,Lissy,Bawle,lbawle2h@webeden.co.uk,Female,66.2.242.214
91,Elton,Hardinge,ehardinge2i@nps.gov,Male,230.204.209.141
92,Paulette,Wrintmore,pwrintmore2j@ucsd.edu,Female,253.42.169.102
93,Barthel,Iacobini,biacobini2k@ovh.net,Male,31.234.118.10
94,Zsazsa,MacAloren,zmacaloren2l@microsoft.com,Female,179.234.117.57
95,Nanine,McCloid,nmccloid2m@deliciousdays.com,Female,142.189.230.104
96,Berta,Kinnen,bkinnen2n@prweb.com,Female,123.36.136.95
97,Lloyd,Blampey,lblampey2o@newsvine.com,Male,88.255.134.237
98,Alexandr,Writer,awriter2p@t.co,Male,128.49.217.191
99,Cal,Coneybeare,cconeybeare2q@opera.com,Female,144.169.127.181
100,Hoyt,Wellfare,hwellfare2r@state.gov,Male,123.231.181.211
101,Kathy,Benedict,kbenedict2s@wiley.com,Female,194.160.182.51
102,Rudie,Blayney,rblayney2t@cbslocal.com,Male,10.100.247.181
103,Clementina,Kingwell,ckingwell2u@craigslist.org,Female,53.6.40.99
104,Rodolfo,Denton,rdenton2v@joomla.org,Male,13.85.98.119
105,Sasha,Bener,sbener2w@google.es,Male,66.230.141.93
106,Gustavus,Suff,gsuff2x@washington.edu,Male,108.179.53.160
107,Augustus,Ransley,aransley2y@flickr.com,Male,193.138.24.163
108,Wandis,Lunge,wlunge2z@virginia.edu,Female,230.150.224.243
109,Delcina,Wohler,dwohler30@bloglovin.com,Female,217.53.230.108
110,Madelin,Sleet,msleet31@usda.gov,Female,130.216.52.253
111,Dirk,Sines,dsines32@amazonaws.com,Male,122.1.123.101
112,Norry,Hoff,nhoff33@mayoclinic.com,Male,240.78.147.20
113,Lisle,Brownsill,lbrownsill34@discovery.com,Male,154.59.203.255
114,Clemente,Screaton,cscreaton35@blogs.com,Male,187.48.170.80
115,Ludovico,Crosser,lcrosser36@desdev.cn,Male,214.159.73.86
116,Carola,Gerren,cgerren37@chron.com,Female,149.156.30.227
117,Ellery,Dalyell,edalyell38@gizmodo.com,Male,141.164.147.88
118,Jimmie,Oldcote,joldcote39@jimdo.com,Male,160.183.1.10
119,Ferdy,Risson,frisson3a@house.gov,Male,227.78.11.74
120,Farris,Cowherd,fcowherd3b@privacy.gov.au,Male,128.56.29.24
121,Ernesto,Egdale,eegdale3c@sun.com,Male,124.35.165.76
122,Arie,Verden,averden3d@trellian.com,Male,30.77.34.227
123,Spencer,Castellini,scastellini3e@shop-pro.jp,Male,158.64.71.243
124,Hester,Roches,hroches3f@comsenz.com,Female,173.154.145.172
125,Ardis,Ainscow,aainscow3g@goo.ne.jp,Female,37.125.133.154
126,Sherm,Sidlow,ssidlow3h@canalblog.com,Male,164.221.248.139
127,Vyky,Puzey,vpuzey3i@homestead.com,Female,58.92.145.165
128,Neale,Perrone,nperrone3j@wsj.com,Male,69.194.45.107
129,Constancy,Dudman,cdudman3k@reverbnation.com,Female,55.149.240.199
130,Zebedee,Shawcross,zshawcross3l@mozilla.com,Male,9.113.127.13
131,Joseph,Lingfoot,jlingfoot3m@ox.ac.uk,Male,72.18.230.95
132,Nicolina,Torvey,ntorvey3n@linkedin.com,Female,48.246.227.103
133,Andree,Asey,aasey3o@reference.com,Female,196.195.111.178
134,Wallace,Labden,wlabden3p@buzzfeed.com,Male,222.162.50.133
135,Irvine,Skelcher,iskelcher3q@google.fr,Male,69.184.109.44
136,Read,Skehens,rskehens3r@etsy.com,Male,16.58.128.62
137,Virginia,Boyet,vboyet3s@phoca.cz,Female,19.139.234.159
138,Winnifred,Greguol,wgreguol3t@posterous.com,Female,63.95.223.26
139,Reinhold,Buchanan,rbuchanan3u@studiopress.com,Male,101.91.217.103
140,Pancho,Coxhell,pcoxhell3v@google.es,Male,151.19.227.32
141,Birk,Leask,bleask3w@e-recht24.de,Male,107.35.216.156
142,Darsey,Yakunin,dyakunin3x@google.co.uk,Female,44.195.131.21
143,Arther,Souster,asouster3y@printfriendly.com,Male,90.119.142.62
144,Gill,L'Hommeau,glhommeau3z@studiopress.com,Male,171.214.32.156
145,Mil,Frisdick,mfrisdick40@wiley.com,Female,209.141.197.120
146,Tades,Moffatt,tmoffatt41@yale.edu,Male,145.206.246.229
147,Cristiano,Vasyukov,cvasyukov42@xing.com,Male,134.216.156.18
148,Colas,Powles,cpowles43@seesaa.net,Male,242.24.65.98
149,Forester,Melarkey,fmelarkey44@aol.com,Male,14.60.73.31
150,Sheba,Lethbrig,slethbrig45@seattletimes.com,Female,40.83.222.24
151,Beulah,Gabites,bgabites46@myspace.com,Female,219.37.192.6
152,Gavin,Gratten,ggratten47@ox.ac.uk,Male,165.213.1.160
153,Ariella,Meiklejohn,ameiklejohn48@amazonaws.com,Female,197.91.74.136
154,Sena,Newbigging,snewbigging49@barnesandnoble.com,Female,96.33.38.3
155,Terencio,Glyne,tglyne4a@loc.gov,Male,21.245.206.15
156,Denna,MacCourt,dmaccourt4b@arizona.edu,Female,86.249.63.126
157,Paxon,Polon,ppolon4c@artisteer.com,Male,202.113.146.38
158,Adriano,Temlett,atemlett4d@nsw.gov.au,Male,160.106.244.187
159,Halsey,Saller,hsaller4e@desdev.cn,Male,9.219.105.242
160,Jard,Bulteel,jbulteel4f@craigslist.org,Male,141.246.232.108
161,Jeanie,Saye,jsaye4g@jalbum.net,Female,126.123.37.39
162,Robbyn,Joanaud,rjoanaud4h@yolasite.com,Female,61.93.26.80
163,Bert,Iapico,biapico4i@nature.com,Female,246.41.147.106
164,Hurlee,Hayto,hhayto4j@msu.edu,Male,154.50.253.16
165,Nev,Filipputti,nfilipputti4k@flavors.me,Male,140.72.8.8
166,Courtney,Lawee,clawee4l@histats.com,Female,30.242.65.130
167,Tracy,Learmouth,tlearmouth4m@edublogs.org,Male,142.208.199.218
168,Way,Sirette,wsirette4n@google.nl,Male,148.158.113.146
169,Newton,Billing,nbilling4o@woothemes.com,Male,177.5.118.109
170,Shirl,Kitcat,skitcat4p@twitpic.com,Female,49.73.145.135
171,Nanon,Kibblewhite,nkibblewhite4q@blogtalkradio.com,Female,19.120.67.45
172,Monte,Manning,mmanning4r@tinypic.com,Male,10.51.154.35
173,Boy,Vedyaev,bvedyaev4s@icio.us,Male,69.210.254.27
174,Rahal,Corness,rcorness4t@reverbnation.com,Female,10.204.191.120
175,Maximilien,Pays,mpays4u@omniture.com,Male,111.75.107.204
176,Ondrea,Ashbolt,oashbolt4v@virginia.edu,Female,176.117.5.215
177,Horatius,Tither,htither4w@irs.gov,Male,197.218.63.110
178,Rowland,Humbert,rhumbert4x@desdev.cn,Male,37.236.20.33
179,Rorke,Stemp,rstemp4y@wikispaces.com,Male,232.101.185.84
180,Wilmer,Domenget,wdomenget4z@oaic.gov.au,Male,245.53.30.222
181,Matthew,Stutely,mstutely50@bluehost.com,Male,103.114.226.29
182,Itch,Bamsey,ibamsey51@icq.com,Male,64.95.193.142
183,Miran,Golborne,mgolborne52@tmall.com,Female,219.43.220.117
184,Garrick,Greder,ggreder53@e-recht24.de,Male,129.153.212.113
185,Carmelia,Perrett,cperrett54@google.ca,Female,244.25.72.151
186,Cal,Crutchley,ccrutchley55@comcast.net,Male,75.87.203.85
187,Tracey,Smithies,tsmithies56@google.co.jp,Female,82.207.18.4
188,Baxie,Redit,bredit57@friendfeed.com,Male,216.51.68.125
189,Jaymee,Grimbaldeston,jgrimbaldeston58@nyu.edu,Female,54.29.210.233
190,Herb,Haymes,hhaymes59@ameblo.jp,Male,98.174.201.187
191,Stefania,Jurgensen,sjurgensen5a@list-manage.com,Female,245.245.223.212
192,Wallis,Chieco,wchieco5b@hugedomains.com,Female,16.144.177.187
193,Jodie,Velti,jvelti5c@nhs.uk,Female,218.245.27.17
194,Kerk,McGrail,kmcgrail5d@blogger.com,Male,29.71.16.99
195,Mallory,Harrowing,mharrowing5e@google.ru,Female,134.186.185.254
196,Jessica,Stiff,jstiff5f@typepad.com,Female,238.193.125.196
197,Job,Armsden,jarmsden5g@list-manage.com,Male,75.193.197.239
198,Clem,Luckey,cluckey5h@printfriendly.com,Male,46.68.250.130
199,Tait,Earp,tearp5i@163.com,Male,169.119.243.74
200,Kellby,Jeacock,kjeacock5j@t.co,Male,250.134.63.218
201,Inglis,Lorentz,ilorentz5k@myspace.com,Male,178.45.114.135
202,Rhonda,Benois,rbenois5l@unicef.org,Female,223.45.119.241
203,Griselda,Kinastan,gkinastan5m@intel.com,Female,135.37.119.40
204,Shina,Bernaert,sbernaert5n@state.tx.us,Female,13.42.56.251
205,Arney,Pfeffer,apfeffer5o@surveymonkey.com,Male,253.248.204.198
206,Brant,Aleksashin,baleksashin5p@oaic.gov.au,Male,132.113.145.108
207,Mei,Magill,mmagill5q@hubpages.com,Female,129.118.189.83
208,Urbain,Bukac,ubukac5r@weibo.com,Male,216.138.51.211
209,Corbin,Warrender,cwarrender5s@ucoz.com,Male,12.2.38.198
210,York,Dran,ydran5t@redcross.org,Male,105.222.124.163
211,Suki,Elston,selston5u@bluehost.com,Female,66.180.83.7
212,Leshia,Rennenbach,lrennenbach5v@wisc.edu,Female,41.210.187.195
213,Harmon,Osmon,hosmon5w@technorati.com,Male,134.205.29.146
214,Kaylyn,O' Donohoe,kodonohoe5x@dyndns.org,Female,114.241.127.100
215,Gisele,Cuttell,gcuttell5y@technorati.com,Female,174.189.199.10
216,Robby,Spurge,rspurge5z@ebay.com,Female,107.69.59.253
217,Faythe,Merck,fmerck60@mtv.com,Female,196.17.7.78
218,Carissa,Geeraert,cgeeraert61@deviantart.com,Female,11.144.254.99
219,Jillie,Studdert,jstuddert62@ifeng.com,Female,193.120.154.8
220,Rhona,Oke,roke63@mozilla.org,Female,45.2.126.203
221,Marve,Kits,mkits64@ucsd.edu,Male,13.18.15.109
222,Warren,Heater,wheater65@tinypic.com,Male,187.227.246.95
223,Sammie,Pogson,spogson66@jiathis.com,Male,0.118.83.235
224,Gustavus,Rotherforth,grotherforth67@smh.com.au,Male,40.232.16.48
225,Kipp,Iston,kiston68@independent.co.uk,Female,148.176.136.24
226,Lief,Templeton,ltempleton69@sohu.com,Male,196.27.20.89
227,Cecil,Hayball,chayball6a@cyberchimps.com,Male,180.253.126.30
228,Minor,Perrottet,mperrottet6b@people.com.cn,Male,66.223.133.233
229,Leah,O'Ferris,loferris6c@bizjournals.com,Female,119.89.59.246
230,Codie,Loughney,cloughney6d@phoca.cz,Female,193.137.225.224
231,Gare,Curtiss,gcurtiss6e@squidoo.com,Male,119.46.19.44
232,Michaeline,Haughton,mhaughton6f@washington.edu,Female,136.174.215.114
233,Tab,Nalder,tnalder6g@marriott.com,Male,157.233.151.127
234,Dmitri,Kinkaid,dkinkaid6h@trellian.com,Male,69.80.128.7
235,Deane,Kinrade,dkinrade6i@w3.org,Female,212.169.72.37
236,Vaclav,Lyst,vlyst6j@elpais.com,Male,229.114.124.183
237,Jaimie,Assad,jassad6k@patch.com,Male,176.150.87.40
238,Barbabas,Iltchev,biltchev6l@forbes.com,Male,13.56.221.222
239,Ailis,Wildin,awildin6m@ustream.tv,Female,235.38.157.48
240,Putnem,Stimpson,pstimpson6n@comcast.net,Male,145.220.151.87
241,Chrisy,Le Strange,clestrange6o@state.tx.us,Male,148.92.104.241
242,Annabela,Rankling,arankling6p@merriam-webster.com,Female,177.123.210.96
243,Chaddy,Pods,cpods6q@youku.com,Male,49.114.228.34
244,Elsy,Pimer,epimer6r@wix.com,Female,236.208.95.96
245,Brunhilda,Yeskin,byeskin6s@google.com.au,Female,66.26.189.135
246,Tiler,Accomb,taccomb6t@about.com,Male,246.68.80.239
247,Rowney,Rathmell,rrathmell6u@craigslist.org,Male,229.236.136.16
248,Leela,Schule,lschule6v@hhs.gov,Female,85.107.50.180
249,Francklyn,Noton,fnoton6w@amazon.co.uk,Male,58.24.131.99
250,Salomon,Sones,ssones6x@histats.com,Male,235.55.110.32
251,Ignazio,Wort,iwort6y@harvard.edu,Male,61.138.121.162
252,Salome,Teggin,steggin6z@hostgator.com,Female,180.22.53.220
253,Arlyne,Crich,acrich70@goodreads.com,Female,46.44.176.3
254,Ange,Hamlet,ahamlet71@cisco.com,Male,171.194.73.7
255,Zebulen,Caccavale,zcaccavale72@japanpost.jp,Male,202.195.237.123
256,Tommie,Skellen,tskellen73@reuters.com,Male,144.219.140.82
257,Maurita,Yanyushkin,myanyushkin74@bloglovin.com,Female,178.18.36.207
258,Gilberta,Barwise,gbarwise75@domainmarket.com,Female,194.250.154.142
259,Jacques,Flaverty,jflaverty76@youtube.com,Male,232.96.155.53
260,Britney,Vondrys,bvondrys77@liveinternet.ru,Female,76.175.111.28
261,Paco,Marchenko,pmarchenko78@goo.ne.jp,Male,66.13.225.171
262,Ed,Farre,efarre79@pen.io,Male,215.182.127.233
263,Zara,Gyngell,zgyngell7a@cnn.com,Female,110.189.39.12
264,Em,Valentin,evalentin7b@reuters.com,Male,246.52.41.128
265,Felicdad,Laidlow,flaidlow7c@a8.net,Female,34.171.15.108
266,Humfrid,Sworn,hsworn7d@friendfeed.com,Male,168.36.142.167
267,Muffin,Siemantel,msiemantel7e@scientificamerican.com,Female,139.137.161.169
268,Vannie,de Clerk,vdeclerk7f@skyrock.com,Female,205.83.107.85
269,Galen,De Rechter,gderechter7g@live.com,Male,4.228.141.250
270,Ferrel,Colrein,fcolrein7h@google.co.jp,Male,93.122.100.113
271,Ernesta,Taverner,etaverner7i@wufoo.com,Female,82.127.81.12
272,Penni,Starford,pstarford7j@vistaprint.com,Female,209.0.38.59
273,Niles,Dulwitch,ndulwitch7k@opera.com,Male,12.205.211.111
274,Abel,Puig,apuig7l@miibeian.gov.cn,Male,12.105.80.180
275,Garland,Heinritz,gheinritz7m@cnbc.com,Female,172.224.113.222
276,Tedra,Eldred,teldred7n@nationalgeographic.com,Female,7.116.10.252
277,Frayda,Gregoletti,fgregoletti7o@weibo.com,Female,163.5.211.128
278,Tanner,Chaffey,tchaffey7p@jigsy.com,Male,184.204.27.63
279,Dorothea,Poetz,dpoetz7q@typepad.com,Female,243.9.131.64
280,Torrence,Deller,tdeller7r@xinhuanet.com,Male,32.112.67.168
281,Henrieta,Brandsma,hbrandsma7s@webmd.com,Female,253.206.139.225
282,Artemas,Brachell,abrachell7t@ifeng.com,Male,86.224.30.127
283,Galvan,Gibbonson,ggibbonson7u@unc.edu,Male,34.122.103.196
284,Jackqueline,Cline,jcline7v@alexa.com,Female,47.16.207.206
285,Valentina,Winram,vwinram7w@home.pl,Female,77.128.28.195
286,Chaddy,Arpino,carpino7x@discuz.net,Male,92.96.173.231
287,Orlan,Ogbourne,oogbourne7y@apache.org,Male,240.186.92.253
288,Bryant,Philippeaux,bphilippeaux7z@sohu.com,Male,22.44.215.152
289,Carlota,Hunnawill,chunnawill80@jalbum.net,Female,234.29.149.138
290,Chas,Abbiss,cabbiss81@prlog.org,Male,175.75.135.234
291,Alison,Tutin,atutin82@mozilla.com,Female,234.42.137.228
292,Daloris,Spellacy,dspellacy83@lulu.com,Female,162.223.135.235
293,Mariann,Haithwaite,mhaithwaite84@ox.ac.uk,Female,42.189.116.159
294,Seumas,Gaymer,sgaymer85@g.co,Male,13.27.151.32
295,Arabela,Hambling,ahambling86@ustream.tv,Female,165.50.100.67
296,Kate,Isworth,kisworth87@ca.gov,Female,241.227.6.17
297,Ewell,Driffill,edriffill88@nasa.gov,Male,109.140.183.1
298,Alistair,Hazle,ahazle89@nasa.gov,Male,11.151.98.26
299,Garrard,Bastian,gbastian8a@state.tx.us,Male,112.163.147.107
300,Misti,Coppenhall,mcoppenhall8b@wp.com,Female,232.198.189.207
301,Adria,McMychem,amcmychem8c@tripod.com,Female,168.220.176.39
302,Doll,Lestrange,dlestrange8d@rambler.ru,Female,248.227.7.163
303,Christen,Saltmarsh,csaltmarsh8e@youku.com,Female,40.204.113.128
304,Michale,Bonny,mbonny8f@wiley.com,Male,176.192.215.222
305,Fredericka,Feathersby,ffeathersby8g@vk.com,Female,9.206.181.135
306,Say,Doodney,sdoodney8h@yelp.com,Male,77.102.105.160
307,Dalli,Rawcliffe,drawcliffe8i@furl.net,Male,133.60.185.144
308,Joby,Ashworth,jashworth8j@ovh.net,Female,90.113.166.220
309,Jenn,Nono,jnono8k@chronoengine.com,Female,69.100.115.102
310,Norbie,Barrowcliff,nbarrowcliff8l@hud.gov,Male,24.201.68.66
311,Arni,Foxley,afoxley8m@devhub.com,Male,248.237.37.39
312,Yvon,Dalyell,ydalyell8n@oakley.com,Male,104.114.95.173
313,Jordan,Cottom,jcottom8o@blogs.com,Female,126.214.117.48
314,Karen,Tomaino,ktomaino8p@vinaora.com,Female,116.135.59.204
315,Araldo,Tales,atales8q@tumblr.com,Male,209.224.74.202
316,Tory,Breeds,tbreeds8r@pcworld.com,Female,254.138.50.45
317,Lovell,De Ambrosis,ldeambrosis8s@symantec.com,Male,194.224.7.131
318,Yasmeen,Aymerich,yaymerich8t@zimbio.com,Female,196.8.31.157
319,Dwight,Schoenfisch,dschoenfisch8u@boston.com,Male,102.2.176.47
320,Candy,Greest,cgreest8v@moonfruit.com,Female,22.148.32.83
321,Emmeline,Townes,etownes8w@phpbb.com,Female,179.166.166.237
322,Lothario,Hanford,lhanford8x@deviantart.com,Male,159.127.78.73
323,Aldon,Kilmurry,akilmurry8y@microsoft.com,Male,136.246.0.245
324,Aaron,Dewitt,adewitt8z@barnesandnoble.com,Male,21.96.120.167
325,Stafani,Bidgood,sbidgood90@ox.ac.uk,Female,37.134.201.133
326,Royce,Basek,rbasek91@accuweather.com,Male,211.115.72.109
327,Cordell,Orhrt,corhrt92@ihg.com,Male,1.231.213.234
328,Tyne,Stanbury,tstanbury93@nymag.com,Female,95.8.255.112
329,Hortense,Wightman,hwightman94@wikia.com,Female,49.219.21.172
330,Ferdinande,Arnolds,farnolds95@com.com,Female,80.116.227.248
331,Menard,Peasgood,mpeasgood96@naver.com,Male,132.114.253.144
332,Zebadiah,Scamadin,zscamadin97@hostgator.com,Male,176.229.255.25
333,Tedmund,Gurnett,tgurnett98@rakuten.co.jp,Male,38.101.67.70
334,Carmine,Tacker,ctacker99@reference.com,Female,244.241.154.110
335,Lin,Danskine,ldanskine9a@digg.com,Male,108.150.118.76
336,Alisha,Reimer,areimer9b@ocn.ne.jp,Female,143.88.236.19
337,Hiram,Dominguez,hdominguez9c@accuweather.com,Male,121.173.78.43
338,Alfred,Coverdill,acoverdill9d@pbs.org,Male,193.15.59.103
339,Heindrick,Morston,hmorston9e@dion.ne.jp,Male,253.70.162.56
340,Ted,Deakins,tdeakins9f@oracle.com,Female,167.1.76.91
341,Valencia,Kyles,vkyles9g@fda.gov,Female,36.251.90.11
342,Kellie,Sturmey,ksturmey9h@jugem.jp,Female,36.184.72.155
343,Jimmy,Stenning,jstenning9i@sfgate.com,Male,15.24.47.200
344,King,Laingmaid,klaingmaid9j@people.com.cn,Male,121.114.83.84
345,Cory,Watson-Brown,cwatsonbrown9k@yellowpages.com,Male,61.142.252.143
346,Rodney,MacPhee,rmacphee9l@bluehost.com,Male,161.66.108.2
347,Rosamond,St. Queintain,rstqueintain9m@t.co,Female,42.241.204.189
348,Brannon,Droogan,bdroogan9n@icq.com,Male,99.14.70.123
349,Tiffanie,Ekins,tekins9o@ebay.com,Female,191.150.198.34
350,Sharline,Longfield,slongfield9p@deliciousdays.com,Female,98.135.228.179
351,Gianni,Yare,gyare9q@youtu.be,Male,77.62.247.218
352,Roy,Howman,rhowman9r@google.com.au,Male,137.78.46.81
353,Rhys,Bauchop,rbauchop9s@pen.io,Male,19.201.3.218
354,Devondra,Wichard,dwichard9t@hexun.com,Female,175.117.23.14
355,Faye,Cracker,fcracker9u@soundcloud.com,Female,23.237.159.128
356,Sheilakathryn,Deverille,sdeverille9v@vinaora.com,Female,32.77.132.161
357,Halimeda,Hallibone,hhallibone9w@sohu.com,Female,32.51.166.88
358,Silva,Benitti,sbenitti9x@pinterest.com,Female,7.95.182.197
359,Wilone,McElhinney,wmcelhinney9y@mlb.com,Female,31.35.140.185
360,Quintus,Maxwell,qmaxwell9z@google.co.jp,Male,21.135.148.40
361,Granger,Roberti,grobertia0@sfgate.com,Male,95.7.1.164
362,Evaleen,Clinning,eclinninga1@cornell.edu,Female,60.233.110.110
363,Rheba,Byrcher,rbyrchera2@seattletimes.com,Female,136.49.135.183
364,Filmer,Danilchik,fdanilchika3@list-manage.com,Male,220.149.47.27
365,Pincus,Gronow,pgronowa4@sitemeter.com,Male,150.169.49.162
366,Wyn,McRae,wmcraea5@weebly.com,Male,190.61.80.78
367,Bo,Scrancher,bscranchera6@51.la,Male,144.228.104.240
368,Wallis,Dungay,wdungaya7@reddit.com,Male,217.7.60.146
369,Pier,Turbill,pturbilla8@loc.gov,Female,10.205.127.192
370,Corissa,Jouannisson,cjouannissona9@mapy.cz,Female,88.41.214.242
371,Zelig,Oakeshott,zoakeshottaa@bizjournals.com,Male,1.121.80.245
372,Zane,Goroni,zgoroniab@people.com.cn,Male,21.84.117.210
373,Kinny,Girodias,kgirodiasac@hp.com,Male,114.85.89.143
374,Mame,Keyes,mkeyesad@1688.com,Female,12.28.51.143
375,Clea,Cardno,ccardnoae@freewebs.com,Female,39.139.1.46
376,Evvy,Youens,eyouensaf@lulu.com,Female,215.27.67.6
377,Velvet,Morrilly,vmorrillyag@vistaprint.com,Female,200.247.132.60
378,Salomone,Weth,swethah@over-blog.com,Male,71.132.97.20
379,Flory,Frawley,ffrawleyai@amazon.co.jp,Male,102.166.254.3
380,Zacharia,Rean,zreanaj@ask.com,Male,57.120.15.205
381,Trevar,Haggarty,thaggartyak@patch.com,Male,18.74.221.49
382,Chadd,Covell,ccovellal@salon.com,Male,3.169.84.152
383,Aguste,Alejandri,aalejandriam@businesswire.com,Male,84.64.126.195
384,Puff,Wollrauch,pwollrauchan@amazon.de,Male,136.67.178.48
385,Kirsteni,McGorley,kmcgorleyao@phoca.cz,Female,76.120.80.146
386,Barbra,Borkin,bborkinap@is.gd,Female,52.171.106.190
387,Homer,Cowup,hcowupaq@loc.gov,Male,95.48.50.210
388,Jacquetta,O'Connel,joconnelar@dell.com,Female,135.183.0.125
389,Bibbye,Echelle,bechelleas@virginia.edu,Female,211.181.15.152
390,Collie,Krale,ckraleat@arstechnica.com,Female,99.80.219.190
391,Wyndham,Lodwick,wlodwickau@hubpages.com,Male,29.135.236.156
392,Mathilde,Loverock,mloverockav@vistaprint.com,Female,133.217.154.194
393,Guy,Stuckford,gstuckfordaw@webmd.com,Male,224.9.35.33
394,Leonard,Krzyzanowski,lkrzyzanowskiax@myspace.com,Male,97.39.55.63
395,Rutledge,Murdie,rmurdieay@pbs.org,Male,216.179.95.50
396,Norbie,Kleehuhler,nkleehuhleraz@fc2.com,Male,142.240.118.230
397,Delila,Woodhead,dwoodheadb0@hud.gov,Female,117.207.108.91
398,Stanton,Cianelli,scianellib1@altervista.org,Male,30.105.46.16
399,Alma,Girodin,agirodinb2@cargocollective.com,Female,206.243.103.123
400,Geoffry,Gartenfeld,ggartenfeldb3@usda.gov,Male,150.12.233.250
401,Ruthy,McBayne,rmcbayneb4@mozilla.com,Female,75.255.191.132
402,Dame,Aitchinson,daitchinsonb5@gravatar.com,Male,54.123.200.243
403,Jocelyne,Lauritsen,jlauritsenb6@jiathis.com,Female,74.31.21.142
404,Jessika,Lune,jluneb7@addthis.com,Female,234.49.89.157
405,Charmane,Brandacci,cbrandaccib8@typepad.com,Female,95.3.63.16
406,Melicent,Castano,mcastanob9@furl.net,Female,208.123.112.130
407,Emalee,Vasyuchov,evasyuchovba@sogou.com,Female,229.66.191.164
408,Celine,Yeliashev,cyeliashevbb@oaic.gov.au,Female,144.167.213.156
409,Janine,Stoodley,jstoodleybc@jugem.jp,Female,68.243.233.58
410,Alan,O'Lehane,aolehanebd@examiner.com,Male,141.76.148.57
411,Alexine,Dawidowitz,adawidowitzbe@state.tx.us,Female,206.2.96.187
412,Collin,Leggitt,cleggittbf@cnbc.com,Male,25.144.210.151
413,Weber,Gate,wgatebg@smugmug.com,Male,149.13.119.38
414,Elwyn,Tuny,etunybh@abc.net.au,Male,251.221.126.230
415,Elianora,Trevna,etrevnabi@telegraph.co.uk,Female,50.234.81.216
416,Onofredo,Hawksley,ohawksleybj@exblog.jp,Male,161.78.231.167
417,Edgard,Felce,efelcebk@globo.com,Male,184.90.15.177
418,Moises,Grinov,mgrinovbl@about.com,Male,252.74.227.237
419,Lance,Scarrisbrick,lscarrisbrickbm@zimbio.com,Male,215.135.40.173
420,Reeva,Grouvel,rgrouvelbn@opera.com,Female,174.173.154.121
421,Wynny,Godby,wgodbybo@paypal.com,Female,173.188.229.186
422,Aylmar,Guyer,aguyerbp@squidoo.com,Male,197.51.208.57
423,Clayton,Ducker,cduckerbq@thetimes.co.uk,Male,37.0.168.20
424,Marguerite,Folomin,mfolominbr@pen.io,Female,0.12.101.224
425,Bonny,Adelsberg,badelsbergbs@vkontakte.ru,Female,225.207.161.206
426,Merwin,Speirs,mspeirsbt@princeton.edu,Male,5.20.83.6
427,Wendie,Wheeldon,wwheeldonbu@typepad.com,Female,161.185.100.97
428,Mac,Hegg,mheggbv@cmu.edu,Male,42.1.59.175
429,Camilla,Maunders,cmaundersbw@mac.com,Female,67.184.150.157
430,Verge,Sealeaf,vsealeafbx@icio.us,Male,219.146.213.100
431,Sergent,Schiefersten,sschieferstenby@upenn.edu,Male,183.222.202.38
432,Ambrosius,Bircher,abircherbz@narod.ru,Male,69.209.33.251
433,Cris,Donne,cdonnec0@imdb.com,Female,61.170.192.168
434,Wilone,Sinnatt,wsinnattc1@opera.com,Female,71.249.190.229
435,Sabra,Harrell,sharrellc2@utexas.edu,Female,164.121.153.120
436,Balduin,Olwen,bolwenc3@imgur.com,Male,2.48.228.238
437,Jane,Copp,jcoppc4@1688.com,Female,8.171.64.28
438,Jean,Arnould,jarnouldc5@linkedin.com,Male,176.191.30.171
439,Cass,Speachley,cspeachleyc6@nydailynews.com,Male,238.182.144.49
440,Danya,Pray,dprayc7@linkedin.com,Female,143.172.94.161
441,Auberon,Dubique,adubiquec8@seattletimes.com,Male,216.168.107.59
442,Daniel,Messager,dmessagerc9@sogou.com,Male,78.155.50.206
443,Billie,Ledgerton,bledgertonca@mediafire.com,Female,168.250.41.203
444,Clayborne,Wickrath,cwickrathcb@aol.com,Male,233.250.93.45
445,Esta,Fernez,efernezcc@instagram.com,Female,104.65.95.13
446,Levin,Kemsley,lkemsleycd@shutterfly.com,Male,30.152.72.6
447,Thomasina,Costelow,tcostelowce@yahoo.co.jp,Female,85.13.161.115
448,Harli,Fairhead,hfairheadcf@abc.net.au,Female,147.225.81.55
449,Gwenni,Dillinger,gdillingercg@discuz.net,Female,254.193.181.140
450,Tiebold,Janu,tjanuch@yellowpages.com,Male,114.17.42.17
451,Alyse,Twittey,atwitteyci@soup.io,Female,126.145.231.134
452,Cathi,Cavet,ccavetcj@macromedia.com,Female,40.226.139.132
453,Thurston,Karby,tkarbyck@nytimes.com,Male,236.250.87.10
454,Jerrie,Naile,jnailecl@4shared.com,Female,73.7.38.18
455,Pall,Jacombs,pjacombscm@alexa.com,Male,180.26.9.61
456,Carole,Buckland,cbucklandcn@addthis.com,Female,112.254.134.85
457,Kristan,Jiggen,kjiggenco@freewebs.com,Female,197.212.167.96
458,Penn,Sibbald,psibbaldcp@tinypic.com,Male,88.83.52.226
459,Crawford,Abrami,cabramicq@abc.net.au,Male,164.201.185.12
460,Desiri,Gyorgy,dgyorgycr@surveymonkey.com,Female,122.107.112.36
461,Ring,McKall,rmckallcs@is.gd,Male,193.234.163.220
462,Cheri,Durward,cdurwardct@w3.org,Female,98.124.99.250
463,Gilli,Janikowski,gjanikowskicu@bloglovin.com,Female,111.110.26.115
464,Nathanial,Westbrook,nwestbrookcv@tmall.com,Male,136.150.242.73
465,Joni,Kernermann,jkernermanncw@examiner.com,Female,42.214.164.88
466,Vale,Bearne,vbearnecx@purevolume.com,Male,189.2.153.175
467,Esmaria,Cherrington,echerringtoncy@vinaora.com,Female,152.62.171.107
468,Wendall,Breem,wbreemcz@illinois.edu,Male,172.12.99.232
469,Conway,Armiger,carmigerd0@dyndns.org,Male,209.116.0.132
470,Clem,Spracklin,cspracklind1@pen.io,Male,184.42.162.187
471,Tish,Millam,tmillamd2@meetup.com,Female,248.77.124.187
472,Tamma,Thrussell,tthrusselld3@mail.ru,Female,38.145.17.122
473,Benedict,Windmill,bwindmilld4@biglobe.ne.jp,Male,88.17.252.109
474,Cordy,Itschakov,citschakovd5@jugem.jp,Male,255.116.110.67
475,Paten,Oswick,poswickd6@google.de,Male,74.136.243.147
476,Felicio,Eneas,feneasd7@w3.org,Male,159.231.47.112
477,Alyss,Olenov,aolenovd8@g.co,Female,208.33.35.44
478,Ariela,Margetts,amargettsd9@house.gov,Female,195.124.76.114
479,Harbert,Wadman,hwadmanda@alexa.com,Male,116.195.78.13
480,Clementine,Fitchet,cfitchetdb@liveinternet.ru,Female,16.71.134.225
481,Esther,Linne,elinnedc@comsenz.com,Female,50.137.0.249
482,Brandise,Filippov,bfilippovdd@wunderground.com,Female,14.140.12.164
483,Krissie,Stanbra,kstanbrade@ustream.tv,Female,170.3.98.166
484,Shelton,Linham,slinhamdf@howstuffworks.com,Male,209.194.83.202
485,Maure,Sturdy,msturdydg@elpais.com,Female,39.17.254.58
486,Suzann,Laboune,slabounedh@dailymotion.com,Female,56.131.14.141
487,Hermina,Masurel,hmasureldi@psu.edu,Female,12.253.172.91
488,Ofelia,Swinyard,oswinyarddj@delicious.com,Female,144.231.237.153
489,Clea,Butchers,cbutchersdk@icio.us,Female,50.1.157.122
490,Teddy,Broddle,tbroddledl@apple.com,Female,12.122.36.18
491,Inglebert,Barsam,ibarsamdm@ycombinator.com,Male,84.206.0.12
492,Yuri,Sempill,ysempilldn@google.nl,Male,88.139.93.25
493,Udale,Pusill,upusilldo@chronoengine.com,Male,59.14.159.8
494,Auguste,McCarrell,amccarrelldp@google.es,Female,114.42.35.123
495,Darsie,Ascroft,dascroftdq@dagondesign.com,Female,244.43.240.111
496,Brande,Kidds,bkiddsdr@ezinearticles.com,Female,249.171.200.116
497,Mohandas,Quinlan,mquinlands@shop-pro.jp,Male,188.98.155.176
498,Reg,Meas,rmeasdt@themeforest.net,Male,70.71.214.55
499,Shirlee,Dailey,sdaileydu@umn.edu,Female,193.23.160.46
500,Averyl,De La Haye,adelahayedv@hud.gov,Female,79.226.236.161
501,Chariot,Howick,chowickdw@xing.com,Male,149.45.112.211
502,Pollyanna,Adamov,padamovdx@friendfeed.com,Female,166.202.183.225
503,Goddart,Loosmore,gloosmoredy@noaa.gov,Male,204.240.40.13
504,El,Dinley,edinleydz@answers.com,Male,96.35.113.142
505,Kirby,O'Hannay,kohannaye0@yellowbook.com,Female,172.123.249.229
506,Major,Szymon,mszymone1@yahoo.com,Male,194.150.219.163
507,Micah,Luca,mlucae2@prnewswire.com,Male,17.11.67.33
508,Bunnie,Hollingdale,bhollingdalee3@sbwire.com,Female,105.250.66.61
509,Atlante,Allnatt,aallnatte4@smh.com.au,Female,213.33.5.152
510,Tabor,Riccioppo,triccioppoe5@deliciousdays.com,Male,69.32.43.183
511,Hobart,Heddy,hheddye6@360.cn,Male,236.173.143.253
512,Alard,Malbon,amalbone7@e-recht24.de,Male,147.208.71.169
513,Vivyanne,Paynes,vpaynese8@xinhuanet.com,Female,14.30.15.101
514,Saunder,Bohlmann,sbohlmanne9@reddit.com,Male,232.249.27.157
515,Kenyon,Wreak,kwreakea@discovery.com,Male,72.144.172.33
516,Maryjane,Seamen,mseameneb@nifty.com,Female,45.165.190.6
517,Toddy,Lavington,tlavingtonec@java.com,Male,33.242.247.147
518,Bentlee,Patkin,bpatkined@360.cn,Male,92.217.198.236
519,Daisie,Bountiff,dbountiffee@opensource.org,Female,156.113.16.75
520,Baily,Dimitrov,bdimitrovef@soundcloud.com,Male,8.127.123.181
521,Delmar,Dochon,ddochoneg@dedecms.com,Male,77.140.46.184
522,Jenelle,MacArthur,jmacarthureh@mozilla.com,Female,243.199.57.97
523,Lawton,Alelsandrowicz,lalelsandrowiczei@mozilla.com,Male,67.194.81.60
524,Evangelin,Ferrieroi,eferrieroiej@youku.com,Female,219.200.112.185
525,Ashla,Edwicker,aedwickerek@about.me,Female,251.85.194.101
526,Giorgi,Kleeman,gkleemanel@purevolume.com,Male,4.72.200.91
527,Terrance,Carnier,tcarnierem@biglobe.ne.jp,Male,106.224.117.218
528,Teodoro,Ortler,tortleren@ezinearticles.com,Male,215.226.238.178
529,Lissie,Hitcham,lhitchameo@paginegialle.it,Female,190.124.210.221
530,Tessa,Crosgrove,tcrosgroveep@hao123.com,Female,64.181.202.189
531,Delcina,Montier,dmontiereq@china.com.cn,Female,60.234.238.221
532,Hunfredo,Tennison,htennisoner@symantec.com,Male,58.249.16.72
533,Odessa,McInility,omcinilityes@amazon.de,Female,90.186.149.25
534,Roland,O'Reilly,roreillyet@cnbc.com,Male,4.206.156.221
535,Buckie,Yurikov,byurikoveu@examiner.com,Male,61.108.17.255
536,Aime,Solloway,asollowayev@pen.io,Female,149.18.253.38
537,Lotte,Crapper,lcrapperew@patch.com,Female,55.28.141.90
538,Zebulon,Scotchford,zscotchfordex@google.fr,Male,234.131.223.130
539,Iolanthe,Zink,izinkey@phpbb.com,Female,82.61.38.181
540,Zuzana,Cowup,zcowupez@bing.com,Female,219.231.176.104
541,Merrilee,Garner,mgarnerf0@4shared.com,Female,33.42.92.190
542,Andrei,Naseby,anasebyf1@devhub.com,Female,40.105.83.56
543,Kaitlin,Samuel,ksamuelf2@shutterfly.com,Female,102.191.86.138
544,Ruy,Syder,rsyderf3@jimdo.com,Male,156.1.125.142
545,Winifield,Gimbrett,wgimbrettf4@ow.ly,Male,149.101.27.101
546,Dierdre,Laing,dlaingf5@photobucket.com,Female,14.18.91.99
547,Magda,Richten,mrichtenf6@vk.com,Female,226.42.217.79
548,Kenton,Siddon,ksiddonf7@vk.com,Male,206.242.230.110
549,Janel,Longo,jlongof8@columbia.edu,Female,174.73.105.176
550,Paulo,Radeliffe,pradeliffef9@independent.co.uk,Male,217.15.86.146
551,Arley,Pagitt,apagittfa@geocities.jp,Male,74.101.247.197
552,Claybourne,Maudlen,cmaudlenfb@blogspot.com,Male,138.185.100.216
553,Phineas,Wenn,pwennfc@hugedomains.com,Male,252.214.254.202
554,Brennen,Cessford,bcessfordfd@elpais.com,Male,129.160.49.42
555,Kaine,Blackleech,kblackleechfe@china.com.cn,Male,41.2.178.176
556,Gussi,Brame,gbrameff@abc.net.au,Female,58.60.200.150
557,Charity,McMenemy,cmcmenemyfg@java.com,Female,32.211.13.217
558,Harriett,Henkens,hhenkensfh@google.com.br,Female,12.32.32.84
559,Alane,Deverock,adeverockfi@washingtonpost.com,Female,186.75.51.166
560,Dorree,Insley,dinsleyfj@chron.com,Female,172.30.59.215
561,Lynette,Kolakovic,lkolakovicfk@army.mil,Female,181.107.23.165
562,Wang,Stringman,wstringmanfl@vimeo.com,Male,156.137.212.41
563,Sallyann,Skeermer,sskeermerfm@posterous.com,Female,186.240.37.94
564,Evin,Letty,elettyfn@digg.com,Male,242.89.173.207
565,Pauli,Dreossi,pdreossifo@friendfeed.com,Female,201.217.167.163
566,Cassondra,Greathead,cgreatheadfp@w3.org,Female,249.199.157.181
567,Corey,Clemendet,cclemendetfq@cnet.com,Male,244.176.19.251
568,Ewan,Lyall,elyallfr@squarespace.com,Male,51.1.102.108
569,Alexandros,Lumbers,alumbersfs@woothemes.com,Male,217.1.237.39
570,Page,Vautrey,pvautreyft@disqus.com,Female,166.205.122.144
571,Cortie,Naire,cnairefu@examiner.com,Male,221.194.130.78
572,Sophronia,Cleal,sclealfv@lulu.com,Female,79.209.155.61
573,Zerk,Leathe,zleathefw@amazon.co.uk,Male,130.211.122.223
574,Marybeth,Humpage,mhumpagefx@biglobe.ne.jp,Female,3.209.162.2
575,Randy,Mateos,rmateosfy@ebay.com,Male,13.71.211.142
576,Manny,Hedon,mhedonfz@hp.com,Male,166.147.19.12
577,Charleen,Eastbury,ceastburyg0@telegraph.co.uk,Female,45.227.156.111
578,Cedric,Muffitt,cmuffittg1@tumblr.com,Male,254.43.54.96
579,Ulrike,Hinze,uhinzeg2@kickstarter.com,Female,238.136.162.227
580,Genny,Mathely,gmathelyg3@smugmug.com,Female,42.222.199.5
581,Shermy,Bome,sbomeg4@mysql.com,Male,187.34.173.49
582,Sam,Steuart,ssteuartg5@phoca.cz,Female,168.106.104.63
583,Nelie,Stowgill,nstowgillg6@istockphoto.com,Female,53.21.192.157
584,Goldie,Prenty,gprentyg7@archive.org,Female,61.229.17.172
585,Sig,Poskitt,sposkittg8@cdc.gov,Male,62.98.149.15
586,Noll,Fielder,nfielderg9@google.nl,Male,190.185.133.19
587,Jammal,Kleyn,jkleynga@eepurl.com,Male,121.254.181.34
588,Anna-diane,Landreth,alandrethgb@delicious.com,Female,229.44.202.24
589,Giorgi,Zaniolini,gzaniolinigc@hibu.com,Male,20.118.20.107
590,Rozalin,Brimmicombe,rbrimmicombegd@nifty.com,Female,94.130.195.79
591,Kirby,Parton,kpartonge@umn.edu,Male,89.220.1.218
592,April,O'Scanlan,aoscanlangf@theguardian.com,Female,221.190.14.63
593,Tess,Willman,twillmangg@hostgator.com,Female,130.66.235.174
594,Amargo,Itzhaiek,aitzhaiekgh@i2i.jp,Female,53.60.44.167
595,Hope,Boxill,hboxillgi@drupal.org,Female,89.195.177.204
596,Wallache,Burmingham,wburminghamgj@reddit.com,Male,226.17.131.255
597,Wilhelm,Lydiard,wlydiardgk@biglobe.ne.jp,Male,181.61.129.239
598,Frazer,Cater,fcatergl@vk.com,Male,48.110.153.52
599,Nelli,Aven,navengm@fc2.com,Female,91.220.3.55
600,Hayley,Clapperton,hclappertongn@behance.net,Female,10.67.160.40
601,Bernadette,Culverhouse,bculverhousego@instagram.com,Female,128.102.61.194
602,Saunders,Court,scourtgp@mozilla.org,Male,230.244.3.168
603,Porty,Bordes,pbordesgq@cocolog-nifty.com,Male,165.160.121.174
604,Yasmeen,Withey,ywitheygr@netvibes.com,Female,242.28.16.136
605,Martie,Brazelton,mbrazeltongs@bloglovin.com,Female,113.24.207.100
606,Gaspar,Pullar,gpullargt@google.co.jp,Male,128.166.126.164
607,Garvey,Fine,gfinegu@fc2.com,Male,183.44.38.0
608,Lyle,Helstrip,lhelstripgv@theglobeandmail.com,Male,173.132.143.213
609,Nicolette,Guilbert,nguilbertgw@geocities.jp,Female,243.29.184.21
610,Kinna,Heath,kheathgx@princeton.edu,Female,105.251.129.190
611,Angelico,Hanny,ahannygy@noaa.gov,Male,30.245.80.114
612,Bary,Lambswood,blambswoodgz@nbcnews.com,Male,205.159.72.207
613,Pamella,Gurden,pgurdenh0@vk.com,Female,45.74.218.252
614,Farlee,Giamo,fgiamoh1@archive.org,Male,231.30.35.98
615,Alister,Iglesia,aiglesiah2@google.cn,Male,137.22.0.46
616,Inez,Eyam,ieyamh3@php.net,Female,195.14.249.90
617,Tad,Cogzell,tcogzellh4@umich.edu,Male,193.8.105.212
618,Veronica,Grahame,vgrahameh5@bloglovin.com,Female,42.10.124.96
619,Anabella,Ankers,aankersh6@weather.com,Female,218.145.96.22
620,Benedict,Sinnatt,bsinnatth7@gizmodo.com,Male,219.45.179.105
621,Tracy,Coombes,tcoombesh8@time.com,Male,168.113.89.27
622,Rickert,Sevior,rseviorh9@nbcnews.com,Male,203.94.90.26
623,Shermy,Schultz,sschultzha@hostgator.com,Male,193.51.241.6
624,Jeth,Singleton,jsingletonhb@cisco.com,Male,92.21.119.41
625,Fiorenze,Fontaine,ffontainehc@newyorker.com,Female,133.5.120.81
626,Joanie,Warke,jwarkehd@accuweather.com,Female,250.182.19.32
627,Nicolea,Woloschin,nwoloschinhe@people.com.cn,Female,240.191.172.116
628,Brennen,Cauthra,bcauthrahf@netscape.com,Male,154.175.80.145
629,Audrey,Kemwall,akemwallhg@thetimes.co.uk,Female,220.193.58.75
630,Valida,Walewski,vwalewskihh@123-reg.co.uk,Female,151.139.212.80
631,Gaylene,Bastie,gbastiehi@archive.org,Female,30.170.63.234
632,Rosetta,Mitchener,rmitchenerhj@indiatimes.com,Female,47.219.110.42
633,Brunhilde,Ninnis,bninnishk@slate.com,Female,237.124.75.81
634,Aurea,Amsden,aamsdenhl@wordpress.org,Female,123.111.170.130
635,Jaynell,Ickowics,jickowicshm@webeden.co.uk,Female,29.247.47.111
636,Nerte,Hinnerk,nhinnerkhn@arizona.edu,Female,101.95.96.25
637,Abeu,Siemantel,asiemantelho@linkedin.com,Male,37.40.211.144
638,Guillema,Becerra,gbecerrahp@princeton.edu,Female,205.181.59.134
639,Bastien,O'Nowlan,bonowlanhq@hibu.com,Male,144.45.16.171
640,Hildy,Domange,hdomangehr@xinhuanet.com,Female,20.193.208.63
641,Leonore,McCluskey,lmccluskeyhs@paypal.com,Female,94.191.145.23
642,Queenie,Herche,qhercheht@ustream.tv,Female,81.11.64.174
643,Marianne,MacCoughen,mmaccoughenhu@ucoz.ru,Female,33.81.243.23
644,Chrissy,Fallowes,cfalloweshv@woothemes.com,Male,15.108.237.69
645,Hilliard,Balassi,hbalassihw@gmpg.org,Male,159.98.95.14
646,Giorgia,Graddell,ggraddellhx@weebly.com,Female,58.3.32.2
647,Nathan,Robet,nrobethy@ning.com,Male,74.157.170.138
648,Leslie,Breslane,lbreslanehz@ow.ly,Female,137.232.236.14
649,Marylinda,Stoyles,mstoylesi0@twitpic.com,Female,36.139.94.241
650,Martguerita,Rosenstock,mrosenstocki1@twitpic.com,Female,66.169.243.11
651,Adriaens,Andersen,aanderseni2@exblog.jp,Female,21.110.143.87
652,Burr,McNish,bmcnishi3@disqus.com,Male,86.225.184.239
653,Ninon,Rubinchik,nrubinchiki4@sohu.com,Female,55.141.162.190
654,Minny,Robroe,mrobroei5@dedecms.com,Female,63.100.227.249
655,Dede,Jerok,djeroki6@admin.ch,Female,107.234.244.179
656,Corey,Chaimson,cchaimsoni7@blogs.com,Male,81.121.193.47
657,Dale,Weale,dwealei8@oracle.com,Male,165.113.79.40
658,Gerti,Bowne,gbownei9@github.io,Female,175.49.42.115
659,Rosco,Tremayne,rtremayneia@homestead.com,Male,223.11.211.242
660,Gerda,Spearett,gspearettib@businessweek.com,Female,38.142.174.105
661,Vin,Lyst,vlystic@house.gov,Male,100.246.132.206
662,Katusha,Hallwood,khallwoodid@samsung.com,Female,101.219.216.210
663,Karna,Burchnall,kburchnallie@japanpost.jp,Female,161.191.205.12
664,Rafael,Graeser,rgraeserif@furl.net,Male,85.184.171.102
665,Nico,Hawarden,nhawardenig@1688.com,Male,38.131.112.96
666,Berny,Myhill,bmyhillih@netscape.com,Male,149.232.49.31
667,Jessi,Biaggioni,jbiaggioniii@photobucket.com,Female,223.244.212.105
668,Lenci,Connow,lconnowij@google.it,Male,238.102.26.50
669,Myrilla,Nehl,mnehlik@microsoft.com,Female,35.68.105.227
670,Caesar,Andell,candellil@sciencedaily.com,Male,195.37.201.177
671,Modestia,Steven,mstevenim@addthis.com,Female,194.126.40.171
672,Darrel,Candish,dcandishin@cpanel.net,Male,57.187.235.38
673,Lissie,Croall,lcroallio@tinyurl.com,Female,104.236.239.140
674,Onofredo,Dessaur,odessaurip@squidoo.com,Male,181.176.169.105
675,Selinda,Corradini,scorradiniiq@indiatimes.com,Female,21.244.216.38
676,Udale,Burchell,uburchellir@scientificamerican.com,Male,162.149.35.79
677,Birk,Haggie,bhaggieis@google.pl,Male,59.139.7.151
678,Jarrod,Hawney,jhawneyit@gov.uk,Male,217.123.249.178
679,Evangelia,Shrimpling,eshrimplingiu@cam.ac.uk,Female,26.130.28.53
680,Rozanna,Leggan,rlegganiv@mapquest.com,Female,50.21.144.64
681,Remus,Ratie,rratieiw@nature.com,Male,252.202.105.145
682,Tamera,MacArthur,tmacarthurix@mail.ru,Female,67.170.212.77
683,Merwin,Glawsop,mglawsopiy@google.co.jp,Male,44.157.214.248
684,Esta,Steere,esteereiz@ocn.ne.jp,Female,46.145.2.37
685,Quincey,Lesly,qleslyj0@nymag.com,Male,240.36.59.89
686,Godart,Blain,gblainj1@cmu.edu,Male,7.153.33.196
687,Kalina,Scarr,kscarrj2@nsw.gov.au,Female,99.17.112.22
688,Alanson,Casseldine,acasseldinej3@printfriendly.com,Male,15.243.124.65
689,Shamus,Curr,scurrj4@ycombinator.com,Male,172.251.212.105
690,Millard,Swine,mswinej5@flavors.me,Male,205.217.29.33
691,Randell,Lettson,rlettsonj6@google.co.uk,Male,51.8.252.167
692,Clementine,Newlin,cnewlinj7@noaa.gov,Female,8.43.70.114
693,Bent,Nolot,bnolotj8@blogs.com,Male,184.168.200.149
694,Marjorie,Tirkin,mtirkinj9@nature.com,Female,106.178.44.218
695,Romonda,Secret,rsecretja@marketwatch.com,Female,87.227.66.25
696,Tabbie,Saura,tsaurajb@imdb.com,Male,183.83.24.51
697,Sterne,Wilcock,swilcockjc@howstuffworks.com,Male,107.75.93.15
698,Cobbie,Baudin,cbaudinjd@odnoklassniki.ru,Male,86.24.68.200
699,Amata,Sproston,asprostonje@about.me,Female,236.217.125.118
700,Jessamyn,Caulliere,jcaullierejf@godaddy.com,Female,52.139.86.228
701,Marty,Conti,mcontijg@nasa.gov,Female,90.252.207.108
702,Kasey,Geal,kgealjh@xinhuanet.com,Female,235.187.246.78
703,Maxwell,MacGaffey,mmacgaffeyji@constantcontact.com,Male,56.114.99.51
704,Betteanne,Tezure,btezurejj@icio.us,Female,190.130.238.161
705,Sula,Fussell,sfusselljk@cornell.edu,Female,105.42.140.188
706,Kissee,Dossettor,kdossettorjl@mapquest.com,Female,77.86.213.219
707,Roosevelt,Siburn,rsiburnjm@fda.gov,Male,236.198.3.155
708,Hilario,Davidzon,hdavidzonjn@indiatimes.com,Male,36.133.33.115
709,Wilbur,Charrett,wcharrettjo@issuu.com,Male,116.98.233.69
710,Olivero,Mehaffey,omehaffeyjp@unesco.org,Male,156.147.211.232
711,Nikoletta,O' Markey,nomarkeyjq@addthis.com,Female,227.90.189.239
712,Jud,Peel,jpeeljr@imdb.com,Male,148.27.73.10
713,Andi,Cuttings,acuttingsjs@marriott.com,Female,251.41.65.90
714,Zachary,Davidovic,zdavidovicjt@cpanel.net,Male,20.253.253.25
715,Ab,Scothron,ascothronju@1688.com,Male,2.113.216.111
716,Adriaens,Dearnly,adearnlyjv@soup.io,Female,139.83.235.247
717,Elsinore,Bothen,ebothenjw@google.co.uk,Female,31.190.249.230
718,Maureene,Plumbe,mplumbejx@yellowbook.com,Female,73.218.48.140
719,Seymour,Daybell,sdaybelljy@answers.com,Male,159.151.101.211
720,Amitie,Sterland,asterlandjz@hugedomains.com,Female,160.103.106.46
721,Aldon,Torrisi,atorrisik0@gmpg.org,Male,192.229.245.33
722,Mitchell,Romero,mromerok1@reuters.com,Male,161.189.104.22
723,Norton,Cranna,ncrannak2@typepad.com,Male,35.156.215.173
724,Anabal,Charman,acharmank3@latimes.com,Female,79.89.79.3
725,Ginni,Edmeads,gedmeadsk4@360.cn,Female,39.89.19.207
726,Ketti,Wein,kweink5@freewebs.com,Female,33.139.32.6
727,Dickie,Paddick,dpaddickk6@godaddy.com,Male,145.0.37.156
728,Papageno,Butten,pbuttenk7@furl.net,Male,84.3.149.15
729,Radcliffe,Wahncke,rwahnckek8@webmd.com,Male,138.244.22.201
730,Orv,Cattenach,ocattenachk9@surveymonkey.com,Male,233.119.134.139
731,Marvin,Lochran,mlochranka@netlog.com,Male,154.116.149.92
732,Lucila,O'Leary,lolearykb@icq.com,Female,118.176.114.180
733,Liam,Lambourn,llambournkc@cnn.com,Male,72.182.251.129
734,Chip,Petheridge,cpetheridgekd@photobucket.com,Male,134.51.203.1
735,Rikki,Lamerton,rlamertonke@slashdot.org,Male,150.141.154.209
736,Daron,Gemnett,dgemnettkf@vkontakte.ru,Female,42.189.212.115
737,Grace,Blader,gbladerkg@live.com,Female,187.233.162.168
738,Marlee,State,mstatekh@psu.edu,Female,214.227.77.146
739,Goldy,Leaver,gleaverki@senate.gov,Female,188.67.163.155
740,Dorita,Learoyde,dlearoydekj@apple.com,Female,201.166.246.35
741,Pedro,Pikhno,ppikhnokk@cargocollective.com,Male,186.103.200.86
742,Cammy,Telega,ctelegakl@webeden.co.uk,Male,120.200.118.40
743,Rand,Whaley,rwhaleykm@nymag.com,Male,47.80.175.31
744,Aylmar,Sandiland,asandilandkn@tinyurl.com,Male,128.97.56.231
745,Katina,Wickes,kwickesko@abc.net.au,Female,26.205.220.26
746,Veronika,Uttley,vuttleykp@artisteer.com,Female,231.168.208.126
747,Trefor,Flattman,tflattmankq@tmall.com,Male,116.74.65.157
748,Liv,Veljes,lveljeskr@paginegialle.it,Female,193.197.194.1
749,Tally,Scruton,tscrutonks@mapy.cz,Male,159.151.237.97
750,Ahmed,Ellcome,aellcomekt@weebly.com,Male,232.213.104.161
751,Nevsa,Troillet,ntroilletku@noaa.gov,Female,180.117.198.151
752,Rickie,Prowting,rprowtingkv@howstuffworks.com,Male,14.221.191.126
753,Keene,Shakespear,kshakespearkw@archive.org,Male,86.208.2.56
754,Merill,Wilcocke,mwilcockekx@ameblo.jp,Male,60.37.173.202
755,Farlee,O'Hannay,fohannayky@weather.com,Male,86.228.160.25
756,Jacquette,Twiddell,jtwiddellkz@hc360.com,Female,130.28.43.27
757,Gregory,Whapham,gwhaphaml0@e-recht24.de,Male,177.67.169.71
758,Gerianne,Cobbin,gcobbinl1@tripadvisor.com,Female,250.158.131.218
759,Nata,Wigin,nwiginl2@hhs.gov,Female,147.75.242.34
760,Gena,Lancaster,glancasterl3@va.gov,Female,182.85.124.192
761,Kimble,Delwater,kdelwaterl4@jimdo.com,Male,66.180.188.79
762,Elladine,Collet,ecolletl5@jugem.jp,Female,10.124.31.186
763,Mayor,Dennistoun,mdennistounl6@pcworld.com,Male,59.24.178.158
764,Lefty,Elderidge,lelderidgel7@altervista.org,Male,69.164.198.111
765,Jard,Levet,jlevetl8@example.com,Male,84.134.230.163
766,Chrissie,Dodimead,cdodimeadl9@github.io,Male,110.81.30.228
767,Georg,Hinzer,ghinzerla@scribd.com,Male,151.227.166.107
768,Quill,Trunchion,qtrunchionlb@statcounter.com,Male,195.206.213.194
769,Bertie,Richemont,brichemontlc@whitehouse.gov,Male,171.57.191.125
770,Lonee,MacDonald,lmacdonaldld@feedburner.com,Female,136.116.250.143
771,Tommie,Dumphries,tdumphriesle@freewebs.com,Male,96.135.92.152
772,Olivie,De Hooge,odehoogelf@spotify.com,Female,29.168.190.163
773,Corty,Kirkwood,ckirkwoodlg@macromedia.com,Male,95.72.64.55
774,Tierney,Iacobo,tiacobolh@pinterest.com,Female,40.46.137.139
775,Barnie,Mertgen,bmertgenli@shutterfly.com,Male,196.89.191.89
776,Margette,Olwen,molwenlj@eepurl.com,Female,140.216.166.242
777,Konstanze,Vesco,kvescolk@apache.org,Female,134.249.31.34
778,Kassia,Skippon,kskipponll@telegraph.co.uk,Female,95.133.31.81
779,Allie,Milazzo,amilazzolm@examiner.com,Male,223.192.45.232
780,Godiva,Calow,gcalowln@ucsd.edu,Female,207.145.117.81
781,Suzanne,Kleinfeld,skleinfeldlo@storify.com,Female,187.178.170.23
782,Guenevere,Boswood,gboswoodlp@nymag.com,Female,69.241.48.23
783,Kendal,Huguenet,khuguenetlq@goodreads.com,Male,202.179.207.74
784,Markos,Lowthian,mlowthianlr@sbwire.com,Male,89.100.8.33
785,Rochester,Nanninini,rnannininils@umn.edu,Male,123.178.0.176
786,Katina,Doumerque,kdoumerquelt@google.de,Female,161.30.250.95
787,Roosevelt,Staggs,rstaggslu@parallels.com,Male,205.235.216.190
788,Kissee,Le Houx,klehouxlv@myspace.com,Female,234.47.156.83
789,Halimeda,Binge,hbingelw@sciencedaily.com,Female,0.33.92.241
790,Margarita,Ferreo,mferreolx@dailymotion.com,Female,214.197.156.114
791,Arabella,Hudd,ahuddly@ucsd.edu,Female,110.33.183.222
792,Perceval,Furmedge,pfurmedgelz@nytimes.com,Male,73.231.116.78
793,Judas,Jeanequin,jjeanequinm0@illinois.edu,Male,102.22.164.45
794,Carmen,Lackemann,clackemannm1@angelfire.com,Female,101.7.122.97
795,Raphael,Skatcher,rskatcherm2@cisco.com,Male,151.109.120.102
796,Heriberto,Threadkell,hthreadkellm3@trellian.com,Male,157.103.168.55
797,Kattie,Avraam,kavraamm4@ustream.tv,Female,249.174.182.98
798,Elizabet,Boughton,eboughtonm5@icio.us,Female,193.144.249.220
799,Derrek,Trustram,dtrustramm6@360.cn,Male,255.143.18.190
800,Daven,Peake,dpeakem7@artisteer.com,Male,243.91.125.253
801,Lon,Rawnsley,lrawnsleym8@storify.com,Male,96.217.235.46
802,Franzen,Gipp,fgippm9@sogou.com,Male,248.167.165.88
803,Worthington,Powys,wpowysma@va.gov,Male,54.238.111.124
804,Jemmy,Strotone,jstrotonemb@fc2.com,Female,155.108.234.243
805,Florentia,Phateplace,fphateplacemc@slate.com,Female,135.240.55.14
806,Lindy,Rubinsaft,lrubinsaftmd@cnn.com,Male,73.43.158.240
807,Henrietta,Farnorth,hfarnorthme@ycombinator.com,Female,42.108.49.84
808,Pearce,Dawidowsky,pdawidowskymf@economist.com,Male,85.118.220.101
809,Lonnard,Grassick,lgrassickmg@narod.ru,Male,141.45.242.199
810,Harrison,Gammade,hgammademh@shutterfly.com,Male,66.12.153.63
811,Thatcher,Ledamun,tledamunmi@aboutads.info,Male,96.123.138.229
812,Ki,Duerden,kduerdenmj@unicef.org,Female,3.242.108.68
813,Elie,Raithbie,eraithbiemk@cbslocal.com,Female,82.64.4.27
814,Claudianus,Witcomb,cwitcombml@webeden.co.uk,Male,152.140.206.144
815,Moria,Gethin,mgethinmm@usa.gov,Female,111.66.210.70
816,Simeon,Oddie,soddiemn@xinhuanet.com,Male,203.129.64.131
817,Angy,Ranklin,aranklinmo@homestead.com,Female,157.39.58.0
818,Adria,Winsome,awinsomemp@surveymonkey.com,Female,203.117.143.145
819,Tore,Trymme,ttrymmemq@youtu.be,Male,80.207.47.240
820,Bartholemy,Feldon,bfeldonmr@bluehost.com,Male,48.211.208.159
821,Dalli,Benstead,dbensteadms@vistaprint.com,Male,147.34.145.197
822,Starr,Greswell,sgreswellmt@seesaa.net,Female,237.8.100.113
823,Sam,Matyas,smatyasmu@nydailynews.com,Male,206.163.251.67
824,Leila,Quaif,lquaifmv@weebly.com,Female,35.55.46.123
825,Sloane,Goodier,sgoodiermw@si.edu,Male,125.176.185.234
826,Elisabeth,Ecob,eecobmx@marketwatch.com,Female,243.233.204.50
827,Aimil,Chesworth,achesworthmy@forbes.com,Female,54.146.99.212
828,Cassandry,Undrill,cundrillmz@msu.edu,Female,41.3.217.16
829,Bel,Hanscomb,bhanscombn0@surveymonkey.com,Female,116.251.10.82
830,Thaddeus,King,tkingn1@howstuffworks.com,Male,26.23.36.243
831,Gena,Fincher,gfinchern2@last.fm,Female,184.24.19.247
832,Lynna,Sissons,lsissonsn3@cam.ac.uk,Female,148.59.15.243
833,Carlynne,Dominka,cdominkan4@yellowbook.com,Female,122.29.214.39
834,Darcy,Gaskarth,dgaskarthn5@wordpress.org,Female,161.3.62.184
835,Wilburt,Correa,wcorrean6@etsy.com,Male,42.23.67.221
836,Morten,Bleue,mbleuen7@biblegateway.com,Male,120.201.74.203
837,Kennan,Bradder,kbraddern8@163.com,Male,138.55.86.12
838,Thaddus,Hair,thairn9@google.nl,Male,37.114.139.50
839,Zacherie,Rangall,zrangallna@taobao.com,Male,64.37.43.148
840,Ulrick,Goodhew,ugoodhewnb@soup.io,Male,145.227.136.227
841,Merrilee,Eliez,melieznc@seattletimes.com,Female,87.76.16.77
842,Darsey,Leake,dleakend@pen.io,Female,142.185.80.200
843,Carlina,Gallop,cgallopne@hugedomains.com,Female,140.53.173.60
844,Floria,Tomaello,ftomaellonf@vinaora.com,Female,208.18.179.222
845,Demetrius,Wakeling,dwakelingng@bravesites.com,Male,216.231.66.205
846,Charmian,Sang,csangnh@multiply.com,Female,169.180.228.20
847,Kayne,Hasard,khasardni@bbc.co.uk,Male,111.62.45.85
848,Kennie,Summerson,ksummersonnj@aboutads.info,Male,134.159.178.201
849,Suzann,Pay,spaynk@webnode.com,Female,99.80.151.16
850,Stoddard,Reidshaw,sreidshawnl@eventbrite.com,Female,216.243.71.133
851,Jackelyn,Peerless,jpeerlessnm@twitter.com,Female,160.231.25.194
852,Petr,Kintzel,pkintzelnn@goo.ne.jp,Male,33.190.121.162
853,Merrilee,Braunfeld,mbraunfeldno@amazonaws.com,Female,96.177.107.158
854,Brant,Casin,bcasinnp@vinaora.com,Male,90.190.76.173
855,Keene,Malyon,kmalyonnq@fema.gov,Male,1.255.91.81
856,Cissy,Baruch,cbaruchnr@dot.gov,Female,229.130.209.151
857,Emmaline,Burgise,eburgisens@nasa.gov,Female,153.219.199.91
858,Dru,Brookes,dbrookesnt@printfriendly.com,Male,192.170.155.177
859,Vinni,Byrth,vbyrthnu@diigo.com,Female,2.70.137.212
860,Ninetta,Boom,nboomnv@histats.com,Female,97.208.0.121
861,Livvyy,Boni,lboninw@aboutads.info,Female,85.227.151.123
862,Archibold,Sousa,asousanx@sphinn.com,Male,150.196.70.32
863,Fidole,Cattlemull,fcattlemullny@cocolog-nifty.com,Male,253.54.46.96
864,Perle,Trayford,ptrayfordnz@ovh.net,Female,18.91.171.115
865,Hendrick,Wieprecht,hwieprechto0@techcrunch.com,Male,56.131.243.29
866,Sanson,Gooda,sgoodao1@addtoany.com,Male,170.194.228.106
867,Gris,Smelley,gsmelleyo2@addthis.com,Male,198.228.223.25
868,Olga,Dunbobin,odunbobino3@samsung.com,Female,95.100.254.117
869,Shay,Crookall,scrookallo4@acquirethisname.com,Male,46.113.120.208
870,Jere,Berth,jbertho5@xinhuanet.com,Male,220.20.242.230
871,Alyssa,Krysiak,akrysiako6@squidoo.com,Female,102.77.159.228
872,Rochell,Wrathall,rwrathallo7@baidu.com,Female,246.109.203.24
873,Keir,Longthorn,klongthorno8@skype.com,Male,159.32.112.13
874,Roderick,Grangier,rgrangiero9@army.mil,Male,101.238.249.125
875,Caralie,Trazzi,ctrazzioa@google.com,Female,147.121.98.109
876,Isabella,Gai,igaiob@dmoz.org,Female,50.12.206.212
877,Fern,Parradye,fparradyeoc@washington.edu,Female,125.7.121.14
878,Curt,Conklin,cconklinod@odnoklassniki.ru,Male,192.170.153.54
879,Rosemonde,Estcourt,restcourtoe@google.cn,Female,192.96.172.193
880,Tarrance,Corby,tcorbyof@dropbox.com,Male,56.183.128.150
881,Jodee,Timby,jtimbyog@blogger.com,Female,115.186.4.241
882,Elysee,Hinckes,ehinckesoh@sphinn.com,Female,202.157.24.82
883,Joana,Alebrooke,jalebrookeoi@sina.com.cn,Female,113.157.144.146
884,Joeann,Learoyd,jlearoydoj@hexun.com,Female,226.25.72.13
885,Raven,Coniff,rconiffok@devhub.com,Female,128.37.173.58
886,Padgett,Padkin,ppadkinol@vistaprint.com,Male,219.106.65.213
887,Agnola,Raffeorty,araffeortyom@businesswire.com,Female,30.88.211.85
888,Shirlee,Simonini,ssimoninion@posterous.com,Female,84.219.137.135
889,Holly-anne,Tuppeny,htuppenyoo@google.fr,Female,40.207.248.74
890,Alvy,Dupoy,adupoyop@go.com,Male,73.195.190.179
891,Eleanore,Duligall,eduligalloq@vistaprint.com,Female,203.54.61.119
892,Stacie,Rosenthaler,srosenthaleror@csmonitor.com,Female,123.100.14.98
893,Percival,Amdohr,pamdohros@wordpress.com,Male,118.61.124.87
894,Juliana,Charte,jcharteot@example.com,Female,100.33.210.123
895,Gigi,Gitting,ggittingou@oaic.gov.au,Female,4.172.139.73
896,Ferd,Marsden,fmarsdenov@google.cn,Male,185.146.68.254
897,Reece,Schnieder,rschniederow@ftc.gov,Male,137.159.232.54
898,Ashil,Pyatt,apyattox@so-net.ne.jp,Female,154.82.96.75
899,Roddie,Kemmons,rkemmonsoy@nyu.edu,Male,240.177.166.22
900,Gilly,Kording,gkordingoz@japanpost.jp,Female,7.103.104.194
901,Lilia,Copner,lcopnerp0@umich.edu,Female,86.94.92.115
902,Orelia,Poel,opoelp1@gmpg.org,Female,231.106.173.216
903,Benjamen,Saintpierre,bsaintpierrep2@blogspot.com,Male,36.37.63.40
904,Kinnie,Valder,kvalderp3@businesswire.com,Male,172.7.88.86
905,Ted,Jefferys,tjefferysp4@ihg.com,Female,85.120.133.51
906,Allianora,Lettson,alettsonp5@nifty.com,Female,108.148.227.119
907,Marcie,Gozney,mgozneyp6@columbia.edu,Female,194.218.127.154
908,Bo,Jinkins,bjinkinsp7@uol.com.br,Male,138.44.205.238
909,Jacqui,Lutwyche,jlutwychep8@whitehouse.gov,Female,124.207.133.121
910,Zilvia,Sturm,zsturmp9@w3.org,Female,154.118.53.176
911,Kingsly,Mosen,kmosenpa@go.com,Male,34.8.227.133
912,Odelinda,Crowcroft,ocrowcroftpb@posterous.com,Female,40.12.3.173
913,Dewitt,Povey,dpoveypc@etsy.com,Male,176.194.174.210
914,Giordano,O' Timony,gotimonypd@yellowbook.com,Male,230.95.34.145
915,Freda,Esche,feschepe@nps.gov,Female,76.55.181.32
916,Gradeigh,Ruddoch,gruddochpf@deviantart.com,Male,199.248.115.124
917,Darby,Tale,dtalepg@arizona.edu,Female,141.143.70.76
918,Emylee,Scrivner,escrivnerph@weather.com,Female,141.91.100.68
919,Odetta,Theodore,otheodorepi@bloomberg.com,Female,154.53.123.163
920,Arluene,Ashpital,aashpitalpj@adobe.com,Female,24.144.216.178
921,Solomon,O'Henecan,sohenecanpk@netscape.com,Male,113.82.37.215
922,Marrissa,Brussels,mbrusselspl@unicef.org,Female,242.172.205.45
923,Dorry,Drewry,ddrewrypm@chron.com,Female,27.37.173.19
924,Giovanni,Assante,gassantepn@mac.com,Male,143.133.115.46
925,Fidela,Fassman,ffassmanpo@digg.com,Female,47.223.117.177
926,Laurena,Lundberg,llundbergpp@bravesites.com,Female,96.34.21.245
927,Chauncey,Cromarty,ccromartypq@pcworld.com,Male,48.245.176.102
928,Halsy,Willmett,hwillmettpr@examiner.com,Male,142.68.144.41
929,Lanita,Huot,lhuotps@si.edu,Female,126.60.88.220
930,Lucilia,Yerrall,lyerrallpt@nature.com,Female,190.189.255.166
931,Candi,Moppett,cmoppettpu@github.com,Female,166.146.120.15
932,Gallagher,Edis,gedispv@mlb.com,Male,52.173.26.139
933,Wenda,Giacomuzzi,wgiacomuzzipw@cmu.edu,Female,146.151.152.55
934,Cherrita,Lints,clintspx@lycos.com,Female,194.81.169.215
935,Harriett,Chittim,hchittimpy@zdnet.com,Female,190.225.100.239
936,Jewel,Towriss,jtowrisspz@nyu.edu,Female,247.225.234.146
937,Celestyn,Pattison,cpattisonq0@un.org,Female,163.12.37.8
938,Blaine,Cardenoso,bcardenosoq1@mediafire.com,Male,183.187.5.44
939,Valentijn,Swindin,vswindinq2@marriott.com,Male,199.142.132.187
940,Hillary,Timms,htimmsq3@ibm.com,Male,20.235.89.189
941,Justina,Eteen,jeteenq4@patch.com,Female,219.38.87.64
942,Rubina,Clemoes,rclemoesq5@biblegateway.com,Female,224.89.227.118
943,Carlita,Fulleylove,cfulleyloveq6@symantec.com,Female,160.59.162.31
944,Svend,Millmore,smillmoreq7@redcross.org,Male,182.81.65.182
945,Maurits,Royston,mroystonq8@de.vu,Male,66.77.139.82
946,Rossie,Faraday,rfaradayq9@trellian.com,Male,64.227.119.81
947,Scot,Brockington,sbrockingtonqa@si.edu,Male,51.233.112.157
948,Cullie,Smithson,csmithsonqb@wordpress.org,Male,4.203.229.2
949,Bridie,Brayn,bbraynqc@wordpress.org,Female,240.106.84.12
950,Zebulen,Kardos-Stowe,zkardosstoweqd@jalbum.net,Male,18.106.209.165
951,Hyacinthe,Henri,hhenriqe@house.gov,Female,223.249.121.148
952,Chiquita,Rubes,crubesqf@howstuffworks.com,Female,162.9.247.52
953,Konrad,Tregear,ktregearqg@reuters.com,Male,232.138.55.137
954,Gwenette,Littell,glittellqh@statcounter.com,Female,161.21.51.146
955,Blake,Day,bdayqi@google.nl,Male,171.163.172.108
956,Ramon,Cholomin,rcholominqj@bandcamp.com,Male,102.158.87.33
957,Mikey,Loughnan,mloughnanqk@sun.com,Male,114.88.52.2
958,Rikki,Kington,rkingtonql@stumbleupon.com,Female,29.121.66.247
959,Johna,Stieger,jstiegerqm@google.co.uk,Female,186.237.186.114
960,Dirk,MacLachlan,dmaclachlanqn@myspace.com,Male,149.198.247.0
961,Carey,Glaves,cglavesqo@google.ca,Male,74.149.141.190
962,Aharon,Booton,abootonqp@vinaora.com,Male,68.242.34.63
963,Eric,Essery,eesseryqq@arizona.edu,Male,191.38.105.159
964,Nolly,Halkyard,nhalkyardqr@github.io,Male,115.177.106.148
965,Leona,Doolan,ldoolanqs@123-reg.co.uk,Female,93.155.14.54
966,Stacie,Kohneke,skohnekeqt@slideshare.net,Female,2.241.4.68
967,Meara,Chatenier,mchatenierqu@hao123.com,Female,108.153.95.114
968,Nikolaus,Pipkin,npipkinqv@hugedomains.com,Male,140.143.208.154
969,Dody,Ferreri,dferreriqw@stumbleupon.com,Female,143.223.227.183
970,Darcey,Petty,dpettyqx@answers.com,Female,13.121.248.57
971,Carma,Boyfield,cboyfieldqy@pinterest.com,Female,118.17.153.128
972,Robyn,Screen,rscreenqz@liveinternet.ru,Female,246.130.53.95
973,Enrika,Bimson,ebimsonr0@google.com.hk,Female,240.27.107.25
974,Adriena,Mechan,amechanr1@telegraph.co.uk,Female,80.182.171.131
975,Lorelle,Leschelle,llescheller2@bloglovin.com,Female,162.79.119.66
976,Dyanna,Duggon,dduggonr3@zdnet.com,Female,117.187.208.168
977,Gradeigh,Proudman,gproudmanr4@msu.edu,Male,191.120.248.184
978,Stanislas,Cowley,scowleyr5@webmd.com,Male,221.42.176.125
979,Justus,Girardin,jgirardinr6@g.co,Male,214.109.27.120
980,Jess,Bremmer,jbremmerr7@google.ru,Male,201.84.166.117
981,Sheppard,Szymanowski,sszymanowskir8@rambler.ru,Male,217.90.26.52
982,Gennifer,Champneys,gchampneysr9@php.net,Female,37.233.173.148
983,Lorelei,Wildt,lwildtra@miibeian.gov.cn,Female,246.139.211.50
984,Kaleena,Traske,ktraskerb@hostgator.com,Female,190.98.230.231
985,Arthur,Scandrick,ascandrickrc@ca.gov,Male,11.244.138.212
986,Clarette,Yoell,cyoellrd@sciencedirect.com,Female,219.226.68.196
987,Sophie,Conley,sconleyre@cargocollective.com,Female,17.188.113.216
988,Daniel,Wallace,dwallacerf@hexun.com,Male,231.150.99.8
989,Lou,Lamprey,llampreyrg@youtube.com,Female,11.97.195.52
990,Ely,Fordham,efordhamrh@admin.ch,Male,11.246.202.86
991,Cull,Penhallurick,cpenhallurickri@techcrunch.com,Male,171.170.209.237
992,Benito,Ca,bcarj@netlog.com,Male,238.228.240.116
993,Tracie,Popeley,tpopeleyrk@trellian.com,Female,171.224.130.10
994,Pepi,Valente,pvalenterl@hao123.com,Female,165.251.15.159
995,Sisely,Stockwell,sstockwellrm@e-recht24.de,Female,250.243.56.211
996,Irwin,Fitzharris,ifitzharrisrn@macromedia.com,Male,160.206.15.107
997,Willem,Clace,wclacero@whitehouse.gov,Male,14.164.143.243
998,Austin,Francois,afrancoisrp@gmpg.org,Male,93.227.20.1
999,Danielle,Sidnall,dsidnallrq@npr.org,Female,186.187.33.129
1000,Allayne,Baxandall,abaxandallrr@reference.com,Male,23.192.145.174
